{"count":1,"self":87.6627584,"total":100.43293179999999,"children":{"InitializeActuators":{"count":9,"self":0.00099739999999999985,"total":0.00099739999999999985,"children":null},"InitializeSensors":{"count":9,"self":0.001994,"total":0.001994,"children":null},"AgentSendState":{"count":4707,"self":3.6174519999999997,"total":3.7453453,"children":{"CollectObservations":{"count":21177,"self":0.030696599999999997,"total":0.030696599999999997,"children":null},"WriteActionMask":{"count":21177,"self":0.0040463,"total":0.0040463,"children":null},"RequestDecision":{"count":21177,"self":0.037443899999999995,"total":0.093150299999999991,"children":{"RayPerceptionSensor.Perceive":{"count":63531,"self":0.055706399999999996,"total":0.055706399999999996,"children":null}}}}},"DecideAction":{"count":4707,"self":0.041551199999999996,"total":0.041551199999999996,"children":null},"AgentAct":{"count":4707,"self":8.980288,"total":8.980288,"children":{"RayPerceptionSensor.Perceive":{"count":162,"self":0,"total":0,"children":null}}}},"gauges":{"Drone.CumulativeReward":{"count":54,"max":-255.0316,"min":-562.308533,"runningAverage":-297.8107,"value":-562.308533,"weightedAverage":-343.7447}},"metadata":{"timer_format_version":"0.1.0","start_time_seconds":"1673537097","unity_version":"2022.1.21f1","command_line_arguments":"C:\\Program Files\\Unity\\Hub\\Editor\\2022.1.21f1\\Editor\\Unity.exe -projectpath C:\\Users\\Drone\\SWProject -useHub -hubIPC -cloudEnvironment production","communication_protocol_version":"1.5.0","com.unity.ml-agents_version":"2.3.0-exp.3","scene_name":"SampleScene","end_time_seconds":"1673537197"}}